{"app":["/app-8de945fd5aa966e9abd3.js"],"component---src-pages-contact-mdx":["/component---src-pages-contact-mdx-86315e715094e1112a86.js"],"component---src-pages-index-js":["/component---src-pages-index-js-0711440dd4a3370da6de.js"],"component---src-pages-overview-js":["/component---src-pages-overview-js-1d0581dc13286d4a1ccd.js"],"component---src-pages-wine-js":["/component---src-pages-wine-js-f26d170931563c87aa86.js"],"component---src-templates-post-js":["/component---src-templates-post-js-78191950f12c28617739.js"]}