{"errors":[],"warnings":[],"namedChunkGroups":{"app":{"chunks":[8,7,1],"assets":["webpack-runtime-a819a6129f1645511a08.js","webpack-runtime-a819a6129f1645511a08.js.map","framework-e88ea6691dc0dd767bce.js","framework-e88ea6691dc0dd767bce.js.map","app-8de945fd5aa966e9abd3.js","app-8de945fd5aa966e9abd3.js.map"],"children":{},"childAssets":{}},"component---src-pages-contact-mdx":{"chunks":[0,2],"assets":["b62d6eefc62eb5086a6870b25e3d04a0daeb448c-fde9d4512e4bcb407d01.js","b62d6eefc62eb5086a6870b25e3d04a0daeb448c-fde9d4512e4bcb407d01.js.map","component---src-pages-contact-mdx-86315e715094e1112a86.js","component---src-pages-contact-mdx-86315e715094e1112a86.js.map"],"children":{},"childAssets":{}},"component---src-pages-index-js":{"chunks":[0,3],"assets":["b62d6eefc62eb5086a6870b25e3d04a0daeb448c-fde9d4512e4bcb407d01.js","b62d6eefc62eb5086a6870b25e3d04a0daeb448c-fde9d4512e4bcb407d01.js.map","component---src-pages-index-js-0711440dd4a3370da6de.js","component---src-pages-index-js-0711440dd4a3370da6de.js.map"],"children":{},"childAssets":{}},"component---src-pages-overview-js":{"chunks":[0,4],"assets":["b62d6eefc62eb5086a6870b25e3d04a0daeb448c-fde9d4512e4bcb407d01.js","b62d6eefc62eb5086a6870b25e3d04a0daeb448c-fde9d4512e4bcb407d01.js.map","component---src-pages-overview-js-1d0581dc13286d4a1ccd.js","component---src-pages-overview-js-1d0581dc13286d4a1ccd.js.map"],"children":{},"childAssets":{}},"component---src-pages-wine-js":{"chunks":[0,5],"assets":["b62d6eefc62eb5086a6870b25e3d04a0daeb448c-fde9d4512e4bcb407d01.js","b62d6eefc62eb5086a6870b25e3d04a0daeb448c-fde9d4512e4bcb407d01.js.map","component---src-pages-wine-js-f26d170931563c87aa86.js","component---src-pages-wine-js-f26d170931563c87aa86.js.map"],"children":{},"childAssets":{}},"component---src-templates-post-js":{"chunks":[0,6],"assets":["b62d6eefc62eb5086a6870b25e3d04a0daeb448c-fde9d4512e4bcb407d01.js","b62d6eefc62eb5086a6870b25e3d04a0daeb448c-fde9d4512e4bcb407d01.js.map","component---src-templates-post-js-78191950f12c28617739.js","component---src-templates-post-js-78191950f12c28617739.js.map"],"children":{},"childAssets":{}}},"assetsByChunkName":{"app":["webpack-runtime-a819a6129f1645511a08.js","framework-e88ea6691dc0dd767bce.js","app-8de945fd5aa966e9abd3.js"],"component---src-pages-contact-mdx":["b62d6eefc62eb5086a6870b25e3d04a0daeb448c-fde9d4512e4bcb407d01.js","component---src-pages-contact-mdx-86315e715094e1112a86.js"],"component---src-pages-index-js":["b62d6eefc62eb5086a6870b25e3d04a0daeb448c-fde9d4512e4bcb407d01.js","component---src-pages-index-js-0711440dd4a3370da6de.js"],"component---src-pages-overview-js":["b62d6eefc62eb5086a6870b25e3d04a0daeb448c-fde9d4512e4bcb407d01.js","component---src-pages-overview-js-1d0581dc13286d4a1ccd.js"],"component---src-pages-wine-js":["b62d6eefc62eb5086a6870b25e3d04a0daeb448c-fde9d4512e4bcb407d01.js","component---src-pages-wine-js-f26d170931563c87aa86.js"],"component---src-templates-post-js":["b62d6eefc62eb5086a6870b25e3d04a0daeb448c-fde9d4512e4bcb407d01.js","component---src-templates-post-js-78191950f12c28617739.js"]}}