{"errors":[{"message":"Cannot read property '0' of null","locations":[{"line":20,"column":13}],"path":["allMdx","nodes",1,"frontmatter","image","sharp","fluid"]},{"message":"Cannot read property '0' of null","locations":[{"line":20,"column":13}],"path":["allMdx","nodes",0,"frontmatter","image","sharp","fluid"]}],"data":{"allMdx":{"nodes":[{"frontmatter":{"title":"Hello World!","slug":"hello-world","author":"Jason","image":{"sharp":{"fluid":null}}},"excerpt":"This is my first blog post. I wrote this with MDX!"},{"frontmatter":{"title":"Another post","slug":"another-post","author":"Jason","image":{"sharp":{"fluid":null}}},"excerpt":"This is my next blog post. I'm on a roll!"}]}}}